{"mean": [0.46278404739026296, 0.469763416147487, 0.44496931596235817], "std": [0.036004664402296035, 0.036798446555721516, 0.038701379834091894]}