{"mean": [0.462784047390263, 0.469763416147487, 0.44496931596235817], "std": [0.03600466440229604, 0.036798446555721516, 0.038701379834091894]}